01000,北海道,2026-07-09,
02000,青森県,2026-07-01,
03000,岩手県,2026-07-02,
04000,宮城県,2026-06-24,
05000,秋田県,2026-07-10,
06000,山形県,2026-06-16,
07000,福島県,2026-07-02,
08000,茨城県,2026-07-10,
09000,栃木県,2026-07-03,
10000,群馬県,2026-06-09,
11000,埼玉県,2026-07-02,
12000,千葉県,2026-07-03,
13000,東京都,2026-07-02,
14000,神奈川県,2026-07-03,
15000,新潟県,2026-07-10,
16000,富山県,2026-07-07,
17000,石川県,2026-06-26,
18000,福井県,2026-07-09,
19000,山梨県,2026-06-22,
20000,長野県,2026-07-02,
21000,岐阜県,2026-06-29,
22000,静岡県,2026-07-08,
23000,愛知県,2026-06-26,
24000,三重県,2026-07-02,
25000,滋賀県,2026-06-04,
26000,京都府,2026-06-19,
27000,大阪府,2026-06-25,
28000,兵庫県,2026-07-03,
29000,奈良県,2026-06-25,
30000,和歌山県,2026-07-08,
31000,鳥取県,2026-07-03,
32000,島根県,2026-07-10,
33000,岡山県,2026-07-09,
34000,広島県,2026-07-08,
35000,山口県,2026-07-03,
36000,徳島県,2026-07-02,
37000,香川県,2026-07-08,
38000,愛媛県,2026-07-02,
39000,高知県,2026-06-29,
40000,福岡県,2026-07-08,
41000,佐賀県,2026-06-12,
42000,長崎県,2026-07-01,
43000,熊本県,2026-06-30,
44000,大分県,2026-06-30,
45000,宮崎県,2026-07-03,
46000,鹿児島県,2026-03-04,
47000,沖縄県,2026-05-07,
